id,first_name,last_name,email,gender,ip_address
1,Tommy,Fominov,tfominov0@symantec.com,Genderqueer,121.141.120.158
2,Roley,Goodbarne,rgoodbarne1@microsoft.com,Male,124.124.221.208
3,Feliza,Janout,fjanout2@apache.org,Female,26.63.23.8
4,Clareta,Figure,cfigure3@wired.com,Female,66.158.253.35
5,Killy,Coat,kcoat4@google.co.jp,Male,13.100.76.34
6,Nevsa,Franchioni,nfranchioni5@twitter.com,Female,78.246.2.139
7,Shelby,Burris,sburris6@geocities.com,Female,1.65.74.215
8,Inger,Backman,ibackman7@fda.gov,Female,65.134.94.59
9,Polly,Murie,pmurie8@hexun.com,Female,207.59.15.35
10,Sissy,Bake,sbake9@etsy.com,Female,249.38.233.87
11,Alf,Smale,asmalea@prweb.com,Male,31.246.161.207
12,Baily,Tapping,btappingb@mail.ru,Male,167.50.180.243
13,Berni,Miners,bminersc@odnoklassniki.ru,Female,127.15.158.28
14,Bordie,Yonnie,byonnied@google.cn,Male,225.89.67.26
15,Moises,Forkan,mforkane@hugedomains.com,Male,120.20.233.70
16,Netti,Bosson,nbossonf@nba.com,Bigender,120.122.51.229
17,Marcellus,Marrable,mmarrableg@woothemes.com,Male,179.57.141.34
18,Paquito,Ferrea,pferreah@icio.us,Male,187.155.87.127
19,Broddie,MacKibbon,bmackibboni@google.cn,Male,32.21.224.77
20,Ranee,Harfoot,rharfootj@utexas.edu,Female,53.71.169.213
21,Aleece,Rubenovic,arubenovick@apple.com,Genderqueer,222.138.97.43
22,Claudell,Keaysell,ckeayselll@europa.eu,Male,200.16.88.146
23,Ivie,Creany,icreanym@cloudflare.com,Genderqueer,176.44.69.59
24,Lee,Beverstock,lbeverstockn@parallels.com,Male,42.109.13.164
25,Garv,Offiler,goffilero@java.com,Male,135.91.86.237
26,Standford,Diament,sdiamentp@un.org,Male,176.33.96.191
27,Buck,Cave,bcaveq@sohu.com,Male,120.2.53.58
28,Carlye,Gooms,cgoomsr@desdev.cn,Female,9.61.164.20
29,Cristie,Readwood,creadwoods@hatena.ne.jp,Female,75.37.58.186
30,Fabien,McGilvray,fmcgilvrayt@nifty.com,Male,106.14.129.18
31,Phoebe,Bolver,pbolveru@arstechnica.com,Female,37.23.109.242
32,Delano,Monelle,dmonellev@newyorker.com,Male,158.32.71.189
33,Carlen,Trimmell,ctrimmellw@auda.org.au,Female,8.196.95.251
34,Eolande,Staddart,estaddartx@apache.org,Female,55.105.169.64
35,Sherman,Labat,slabaty@usda.gov,Male,178.197.61.158
36,Kathleen,Gai,kgaiz@rediff.com,Female,22.73.155.147
37,Dianemarie,Maureen,dmaureen10@noaa.gov,Female,100.243.47.126
38,Chip,Swift,cswift11@lycos.com,Male,16.251.27.32
39,Andie,Attoc,aattoc12@webs.com,Male,59.164.229.88
40,Constance,McCurry,cmccurry13@miibeian.gov.cn,Female,22.118.116.2
41,Hunt,Boole,hboole14@paginegialle.it,Male,82.185.91.209
42,Sandy,Elldred,selldred15@smh.com.au,Female,201.20.179.77
43,Athena,Hebblewhite,ahebblewhite16@wsj.com,Female,88.201.97.214
44,Jere,Dawbery,jdawbery17@histats.com,Bigender,144.19.65.55
45,Arie,Purcell,apurcell18@alibaba.com,Male,252.116.20.14
46,Glenn,Pietzke,gpietzke19@storify.com,Genderfluid,94.121.68.89
47,Yvor,Avrahm,yavrahm1a@hud.gov,Male,232.226.140.202
48,Amy,Wherry,awherry1b@cbslocal.com,Female,127.102.165.209
49,Pietra,Barthot,pbarthot1c@ca.gov,Female,165.115.60.129
50,Kelly,Cisland,kcisland1d@google.co.uk,Polygender,116.155.46.246
51,Skippie,Alban,salban1e@odnoklassniki.ru,Male,103.111.195.238
52,Nanci,Glanders,nglanders1f@oracle.com,Female,123.29.185.220
53,Dennie,Rennenbach,drennenbach1g@gizmodo.com,Female,111.224.34.108
54,Mavra,Marmion,mmarmion1h@google.ca,Female,23.160.71.19
55,Cymbre,Bellhouse,cbellhouse1i@dyndns.org,Female,162.115.162.62
56,Terri-jo,Edowes,tedowes1j@sfgate.com,Female,56.112.223.218
57,Judd,Smithson,jsmithson1k@accuweather.com,Male,143.88.110.178
58,Dalt,Shoreson,dshoreson1l@wired.com,Male,63.204.198.131
59,Giavani,Perassi,gperassi1m@ustream.tv,Polygender,21.223.181.197
60,Bibbye,Seaborn,bseaborn1n@typepad.com,Female,170.253.180.186
61,Alon,Miners,aminers1o@wisc.edu,Male,36.177.33.59
62,Davidde,Richford,drichford1p@ucoz.ru,Male,145.121.157.244
63,Merrily,Walcher,mwalcher1q@nydailynews.com,Female,91.199.4.16
64,Harwilll,Thurgood,hthurgood1r@yolasite.com,Male,155.146.49.101
65,Gerianna,Garaghan,ggaraghan1s@typepad.com,Female,208.213.97.78
66,Tabbitha,Klimkiewich,tklimkiewich1t@comcast.net,Female,69.69.49.226
67,Lenore,Dregan,ldregan1u@state.gov,Female,159.238.225.16
68,Kristina,Cuthbert,kcuthbert1v@whitehouse.gov,Female,139.21.29.108
69,Tanney,Sigsworth,tsigsworth1w@vinaora.com,Male,19.114.36.150
70,Phebe,Cuddy,pcuddy1x@archive.org,Female,6.226.99.68
71,Alvera,Stebbin,astebbin1y@constantcontact.com,Female,210.153.158.232
72,Anallise,Triggle,atriggle1z@arstechnica.com,Female,213.43.4.5
73,Kacey,Basilone,kbasilone20@ebay.com,Female,180.18.139.255
74,Renado,Sams,rsams21@illinois.edu,Male,143.236.43.84
75,Wilfrid,Coare,wcoare22@sakura.ne.jp,Male,192.180.14.241
76,Fanya,Bim,fbim23@livejournal.com,Female,121.16.78.180
77,Townsend,Shilstone,tshilstone24@wufoo.com,Male,53.53.41.103
78,Pavlov,Harcarse,pharcarse25@home.pl,Polygender,92.122.214.137
79,Lucretia,Opfer,lopfer26@ca.gov,Bigender,101.58.102.83
80,Konstance,Queripel,kqueripel27@mediafire.com,Bigender,31.199.2.167
81,Shirline,Vader,svader28@nbcnews.com,Female,65.241.15.108
82,Skippie,Hars,shars29@bigcartel.com,Male,82.209.127.236
83,Kris,Bengochea,kbengochea2a@intel.com,Female,151.1.238.227
84,Bearnard,Keaveney,bkeaveney2b@businessinsider.com,Male,107.20.55.63
85,Teriann,Stratton,tstratton2c@linkedin.com,Female,250.63.107.12
86,Blaine,Standley,bstandley2d@last.fm,Male,225.59.101.47
87,Shandee,Longcaster,slongcaster2e@tmall.com,Female,129.237.114.153
88,Rudolfo,Jacqueminet,rjacqueminet2f@yelp.com,Male,70.65.17.141
89,Lisle,Guerreru,lguerreru2g@jigsy.com,Male,228.245.39.215
90,Charmian,Banker,cbanker2h@independent.co.uk,Female,94.55.7.231
91,Putnam,Folkerts,pfolkerts2i@multiply.com,Genderqueer,137.174.25.38
92,Lari,Sketh,lsketh2j@toplist.cz,Genderqueer,8.191.154.53
93,Perren,Cheson,pcheson2k@networksolutions.com,Male,58.74.233.86
94,Tilda,Semaine,tsemaine2l@cyberchimps.com,Female,171.134.106.71
95,Ethelda,Peto,epeto2m@fema.gov,Female,52.88.56.96
96,Vernor,Dandie,vdandie2n@examiner.com,Male,63.80.77.70
97,Valina,Beaston,vbeaston2o@archive.org,Female,34.92.201.70
98,Ive,Sawrey,isawrey2p@scribd.com,Male,251.34.193.182
99,Annelise,Crispe,acrispe2q@hao123.com,Female,182.182.155.63
100,Laurel,MacCaughen,lmaccaughen2r@livejournal.com,Female,78.55.4.61
101,Sylvan,Bollom,sbollom2s@cbsnews.com,Male,101.155.159.84
102,Elvyn,Veronique,everonique2t@biblegateway.com,Male,120.228.65.160
103,Micky,Gounet,mgounet2u@ft.com,Female,169.224.140.117
104,Kelcie,Kimmel,kkimmel2v@skype.com,Female,70.30.204.67
105,Ailis,Dobinson,adobinson2w@cnbc.com,Female,39.201.230.120
106,Wilbur,Rikkard,wrikkard2x@webs.com,Genderqueer,121.245.135.26
107,Rodger,Llewellen,rllewellen2y@irs.gov,Male,55.138.159.193
108,Ilario,Eyckelberg,ieyckelberg2z@freewebs.com,Male,242.23.71.98
109,Thedrick,Emmanueli,temmanueli30@elpais.com,Male,162.202.26.29
110,Hugibert,Defau,hdefau31@wikipedia.org,Male,209.222.246.155
111,Lise,Pleasance,lpleasance32@free.fr,Female,206.224.177.92
112,Cinderella,Scruby,cscruby33@huffingtonpost.com,Female,20.144.129.148
113,Jaquenetta,Jonin,jjonin34@ow.ly,Agender,247.146.132.255
114,Duff,Egiloff,degiloff35@soundcloud.com,Male,76.109.214.42
115,Dean,Lambswood,dlambswood36@dyndns.org,Male,220.109.135.126
116,Jocko,Otter,jotter37@goo.ne.jp,Male,161.160.210.27
117,Wilone,Hastwell,whastwell38@deviantart.com,Female,225.234.228.215
118,Georgena,Inold,ginold39@ibm.com,Female,218.212.178.220
119,Gerald,Boschmann,gboschmann3a@yelp.com,Male,25.28.166.214
120,Lea,Oughton,loughton3b@altervista.org,Female,201.255.233.48
121,Ariel,Wigzell,awigzell3c@sohu.com,Female,152.225.155.179
122,Eustace,Muffen,emuffen3d@bbb.org,Male,64.18.38.183
123,Britt,Ashpole,bashpole3e@moonfruit.com,Agender,13.15.213.80
124,Sherwin,Antonov,santonov3f@rakuten.co.jp,Male,32.178.38.185
125,Henrieta,Bilbrooke,hbilbrooke3g@mac.com,Female,204.210.156.151
126,Emmye,Bolter,ebolter3h@behance.net,Female,89.103.173.194
127,Bertha,Sadry,bsadry3i@nyu.edu,Female,161.23.158.205
128,Wilton,Ramage,wramage3j@newsvine.com,Male,50.73.4.220
129,Clim,Pipet,cpipet3k@prlog.org,Male,30.191.129.109
130,Kermy,Ordish,kordish3l@bbc.co.uk,Male,241.70.225.65
131,Somerset,Heaton,sheaton3m@engadget.com,Male,178.68.226.253
132,Hertha,Aleksashin,haleksashin3n@digg.com,Female,42.46.64.63
133,Jorgan,Mullinder,jmullinder3o@dailymotion.com,Male,30.195.207.185
134,Deidre,Haith,dhaith3p@artisteer.com,Female,41.243.39.3
135,Federica,Bramer,fbramer3q@tumblr.com,Female,7.192.50.106
136,Modestia,Kobpa,mkobpa3r@privacy.gov.au,Female,112.206.203.135
137,Tobit,Brundall,tbrundall3s@trellian.com,Male,248.199.93.100
138,Dedra,Davinet,ddavinet3t@ebay.com,Female,167.86.247.240
139,Forrest,Ballach,fballach3u@aboutads.info,Male,50.126.221.141
140,Lefty,Jancic,ljancic3v@oaic.gov.au,Male,138.58.204.37
141,Kevon,Entreis,kentreis3w@github.io,Male,173.212.187.22
142,Goldy,Lindblom,glindblom3x@prweb.com,Female,0.180.147.76
143,Waylon,Papes,wpapes3y@usatoday.com,Male,221.20.193.110
144,Jacob,Dumbreck,jdumbreck3z@delicious.com,Bigender,219.46.122.86
145,Aleece,Maffetti,amaffetti40@cyberchimps.com,Female,229.55.180.142
146,Sutton,Grigore,sgrigore41@artisteer.com,Male,79.199.130.48
147,Vittoria,Fuggles,vfuggles42@mit.edu,Female,11.207.8.94
148,Gracie,Bittlestone,gbittlestone43@posterous.com,Female,246.249.177.223
149,Donella,Abramowitch,dabramowitch44@weibo.com,Non-binary,250.74.176.239
150,Farlee,Gurge,fgurge45@aol.com,Polygender,82.229.18.51
151,Adelheid,Collis,acollis46@wikipedia.org,Female,11.123.58.251
152,Drucill,Valois,dvalois47@rediff.com,Female,130.88.239.118
153,Mable,Wenban,mwenban48@patch.com,Genderfluid,134.21.120.177
154,Baily,Wickham,bwickham49@archive.org,Male,217.102.9.207
155,Celeste,Raysdale,craysdale4a@woothemes.com,Female,228.63.60.135
156,Shayne,Daniau,sdaniau4b@microsoft.com,Genderqueer,175.137.105.175
157,Dewain,Greguol,dgreguol4c@netlog.com,Male,75.229.240.207
158,Guilbert,Thoma,gthoma4d@mozilla.org,Male,109.24.148.189
159,Veronike,Macrae,vmacrae4e@businessweek.com,Female,135.209.153.234
160,Robinia,Beauly,rbeauly4f@samsung.com,Female,43.214.179.144
161,Bettina,Eliez,beliez4g@xrea.com,Non-binary,226.11.180.4
162,Avictor,Pietsma,apietsma4h@redcross.org,Male,197.75.10.194
163,Pet,Crombie,pcrombie4i@statcounter.com,Female,166.247.180.114
164,Wilhelmina,Irnis,wirnis4j@barnesandnoble.com,Female,22.134.45.241
165,Ivan,Jolley,ijolley4k@admin.ch,Male,243.177.228.166
166,Doralia,Portam,dportam4l@army.mil,Female,3.31.79.225
167,Giralda,Uccelli,guccelli4m@mayoclinic.com,Female,68.186.14.224
168,Laurena,Peele,lpeele4n@parallels.com,Female,152.120.165.63
169,Demetris,Slowgrove,dslowgrove4o@posterous.com,Female,70.232.192.104
170,Gino,Gummary,ggummary4p@diigo.com,Male,196.33.151.37
171,Lauritz,Wagstaff,lwagstaff4q@wikipedia.org,Male,113.231.125.152
172,Carlita,Rozsa,crozsa4r@facebook.com,Female,255.96.119.135
173,Pearle,Heffy,pheffy4s@people.com.cn,Female,29.15.27.102
174,Dacey,Lassen,dlassen4t@noaa.gov,Female,207.43.142.201
175,Devlen,Torresi,dtorresi4u@sbwire.com,Male,66.12.155.250
176,Huntley,McGeneay,hmcgeneay4v@is.gd,Male,198.155.163.194
177,Walsh,Mangam,wmangam4w@ning.com,Male,106.114.152.185
178,Lindsey,Baraclough,lbaraclough4x@army.mil,Male,253.188.13.64
179,Cristi,Bernardoni,cbernardoni4y@spiegel.de,Female,172.91.229.138
180,Berny,O'Rodane,borodane4z@hibu.com,Female,162.70.165.164
181,Winfred,Quakley,wquakley50@amazon.co.uk,Male,200.139.46.226
182,Belva,Yarrell,byarrell51@discuz.net,Female,75.149.245.249
183,Noelani,Titterton,ntitterton52@forbes.com,Female,197.211.171.189
184,Samson,Maillard,smaillard53@comcast.net,Male,223.133.157.182
185,Tamar,Iwanowicz,tiwanowicz54@posterous.com,Female,167.96.222.228
186,Doralyn,Johann,djohann55@geocities.jp,Female,217.103.37.192
187,Forbes,Brugemann,fbrugemann56@dagondesign.com,Male,215.162.232.158
188,Townie,Schruurs,tschruurs57@discovery.com,Male,197.181.111.228
189,Lanni,Frail,lfrail58@state.tx.us,Female,244.68.161.178
190,Krystyna,Darbyshire,kdarbyshire59@theatlantic.com,Female,181.233.100.75
191,Bradney,Tayspell,btayspell5a@aboutads.info,Agender,64.240.16.187
192,Antoni,Ricca,aricca5b@disqus.com,Male,132.184.141.138
193,Nero,Zanni,nzanni5c@youtube.com,Male,48.196.217.171
194,Llewellyn,Leighton,lleighton5d@mac.com,Male,98.172.17.253
195,Woodrow,Freezor,wfreezor5e@techcrunch.com,Male,47.197.96.67
196,Rhoda,Turtle,rturtle5f@google.it,Female,117.225.4.82
197,Maryl,Dallin,mdallin5g@stanford.edu,Female,195.247.70.13
198,Cecilla,Knevet,cknevet5h@ustream.tv,Female,119.113.10.140
199,Orlan,Washtell,owashtell5i@globo.com,Male,38.53.96.179
200,Ned,Jellicorse,njellicorse5j@washingtonpost.com,Male,122.33.5.42
201,Thorvald,Barney,tbarney5k@jiathis.com,Male,240.170.36.134
202,Harrie,McElory,hmcelory5l@cbsnews.com,Female,222.235.235.54
203,Esta,Kobpal,ekobpal5m@addtoany.com,Female,167.11.11.35
204,Federica,Schall,fschall5n@uiuc.edu,Female,11.20.95.241
205,Barbette,Chaudret,bchaudret5o@examiner.com,Bigender,213.104.159.55
206,Aliza,Roggieri,aroggieri5p@zdnet.com,Female,247.185.227.54
207,Flem,Voss,fvoss5q@friendfeed.com,Male,61.64.179.89
208,Greg,Kwietek,gkwietek5r@quantcast.com,Male,232.102.213.107
209,Delila,Keirle,dkeirle5s@blogtalkradio.com,Female,29.243.220.138
210,Sutherland,Polglase,spolglase5t@a8.net,Male,130.194.17.35
211,Patrice,Magner,pmagner5u@liveinternet.ru,Male,215.6.136.17
212,Tyler,Langthorn,tlangthorn5v@upenn.edu,Male,28.233.52.123
213,Moselle,Castagna,mcastagna5w@icio.us,Non-binary,215.45.154.39
214,Nyssa,Stolte,nstolte5x@paypal.com,Female,173.199.210.99
215,Roberto,Meadway,rmeadway5y@adobe.com,Male,68.84.66.241
216,Vittoria,Fenelon,vfenelon5z@adobe.com,Female,243.178.198.28
217,Lee,Benadette,lbenadette60@fotki.com,Male,112.92.230.180
218,Marinna,Murrigan,mmurrigan61@oaic.gov.au,Female,132.176.95.132
219,Brandyn,Harber,bharber62@tripod.com,Bigender,77.178.189.58
220,Tito,MacCourt,tmaccourt63@adobe.com,Male,124.55.180.130
221,Franklin,Schiementz,fschiementz64@ucla.edu,Male,90.38.248.244
222,Laurianne,Halsted,lhalsted65@plala.or.jp,Female,222.233.134.212
223,Holden,Monkeman,hmonkeman66@cpanel.net,Male,53.204.61.174
224,Emlynn,Coldrick,ecoldrick67@over-blog.com,Female,241.85.9.121
225,Dawn,Cooper,dcooper68@google.com.au,Female,245.150.104.169
226,Elli,Quantick,equantick69@ted.com,Female,149.15.170.24
227,Kevina,Wychard,kwychard6a@imdb.com,Female,149.216.154.234
228,Libbey,Losseljong,llosseljong6b@msn.com,Genderfluid,108.178.205.246
229,Lucky,Verni,lverni6c@unblog.fr,Polygender,86.50.37.79
230,Umeko,Dedenham,udedenham6d@theguardian.com,Female,150.75.222.176
231,Lothaire,Markwick,lmarkwick6e@webnode.com,Male,181.0.180.111
232,Madlen,Di Maria,mdimaria6f@deviantart.com,Female,214.122.177.115
233,Celestia,Prestidge,cprestidge6g@parallels.com,Female,234.241.239.253
234,Amabel,Moylan,amoylan6h@technorati.com,Female,108.251.226.197
235,Crystie,De Gregoli,cdegregoli6i@umn.edu,Female,14.89.239.181
236,Ray,Paur,rpaur6j@europa.eu,Female,206.41.22.37
237,Kristian,Munby,kmunby6k@redcross.org,Non-binary,41.165.194.70
238,Harland,de Clercq,hdeclercq6l@sourceforge.net,Male,160.118.139.114
239,Joli,Rummin,jrummin6m@disqus.com,Female,13.190.104.75
240,Anatollo,Strathdee,astrathdee6n@shop-pro.jp,Male,128.108.219.191
241,Lane,Quadrio,lquadrio6o@theguardian.com,Male,61.126.245.11
242,Maisie,Lewson,mlewson6p@unc.edu,Female,107.202.90.131
243,Evelyn,Gilliard,egilliard6q@census.gov,Male,79.120.85.242
244,Cathee,Tebbet,ctebbet6r@huffingtonpost.com,Female,118.59.222.134
245,Hill,Dunstan,hdunstan6s@howstuffworks.com,Male,147.188.11.241
246,Torrin,Greiser,tgreiser6t@prlog.org,Male,20.32.65.247
247,Daron,Cassius,dcassius6u@youtu.be,Female,112.135.168.253
248,Conrado,Crush,ccrush6v@sbwire.com,Male,239.247.41.118
249,Gianna,Arpin,garpin6w@mozilla.com,Female,176.161.61.80
250,Sibylle,Nealand,snealand6x@nationalgeographic.com,Female,5.196.206.213
251,Garik,Brahan,gbrahan6y@oracle.com,Male,243.244.172.40
252,Ingaberg,Keijser,ikeijser6z@nymag.com,Female,238.155.6.167
253,Luther,Van den Hof,lvandenhof70@wired.com,Male,26.13.30.4
254,Perl,Lathom,plathom71@cornell.edu,Female,172.252.7.139
255,Mohandis,Swigg,mswigg72@istockphoto.com,Male,242.190.60.121
256,Erskine,Westhead,ewesthead73@edublogs.org,Male,132.24.228.176
257,Marcy,Matson,mmatson74@cafepress.com,Female,14.7.199.156
258,Peri,Pett,ppett75@google.co.uk,Female,157.177.81.149
259,Kinna,Cathesyed,kcathesyed76@timesonline.co.uk,Female,61.210.114.86
260,Gasparo,Adrienne,gadrienne77@ibm.com,Male,28.61.86.131
261,Chad,Boutcher,cboutcher78@blogger.com,Female,133.230.225.124
262,Idaline,Kohnemann,ikohnemann79@themeforest.net,Female,95.55.73.140
263,Honoria,Garrelts,hgarrelts7a@twitpic.com,Female,199.8.201.236
264,Elise,Willison,ewillison7b@ask.com,Female,112.183.160.41
265,Roderick,Lanaway,rlanaway7c@lycos.com,Male,65.92.109.122
266,Cassie,Jancey,cjancey7d@yahoo.co.jp,Female,170.82.130.133
267,Chick,Niblock,cniblock7e@msn.com,Male,238.229.252.209
268,Boote,Dumphry,bdumphry7f@nbcnews.com,Male,164.191.142.147
269,Joycelin,Exrol,jexrol7g@walmart.com,Female,255.24.245.109
270,Rudolfo,Thrift,rthrift7h@moonfruit.com,Male,53.168.54.126
271,Boycey,MacCleay,bmaccleay7i@cnn.com,Male,206.59.186.165
272,Idelle,Tyrone,ityrone7j@skype.com,Female,86.177.1.182
273,Myrna,Harragin,mharragin7k@webs.com,Female,99.116.42.143
274,Myrtie,Grimoldby,mgrimoldby7l@netlog.com,Female,20.57.5.178
275,Anne-marie,Howison,ahowison7m@google.de,Female,153.55.67.223
276,Bonita,Goare,bgoare7n@wix.com,Female,185.60.98.157
277,Sascha,Arrighi,sarrighi7o@quantcast.com,Female,155.122.162.94
278,Babita,Andrus,bandrus7p@last.fm,Female,193.191.237.122
279,Lazarus,Twigge,ltwigge7q@sohu.com,Male,231.133.217.195
280,Arden,Vedekhin,avedekhin7r@github.io,Female,226.114.24.32
281,Bernardo,Grimbleby,bgrimbleby7s@simplemachines.org,Male,117.6.241.214
282,Wilden,Schulter,wschulter7t@theguardian.com,Male,218.204.67.235
283,Patrizius,Brashier,pbrashier7u@de.vu,Male,84.82.169.88
284,Ignaz,McIlmurray,imcilmurray7v@usnews.com,Male,71.242.65.102
285,Shalne,Telezhkin,stelezhkin7w@yelp.com,Female,46.53.103.229
286,Linnet,Grant,lgrant7x@hhs.gov,Female,104.28.115.62
287,Shela,Brabin,sbrabin7y@plala.or.jp,Female,64.227.8.73
288,Ram,Andreia,randreia7z@alexa.com,Male,150.125.159.48
289,Windy,Jeannard,wjeannard80@dropbox.com,Female,64.229.117.108
290,Franciskus,Wehner,fwehner81@diigo.com,Male,30.139.155.129
291,Conrado,Snowding,csnowding82@free.fr,Male,59.213.111.133
292,Pierson,Thorlby,pthorlby83@tinyurl.com,Male,228.94.91.210
293,Barclay,Dudhill,bdudhill84@yelp.com,Male,103.81.124.185
294,Portie,Farrand,pfarrand85@wsj.com,Male,6.242.158.145
295,Brandi,Daniely,bdaniely86@com.com,Female,164.234.111.233
296,Garvy,Schleicher,gschleicher87@phoca.cz,Male,186.136.243.73
297,Viki,Chaddock,vchaddock88@abc.net.au,Female,77.176.1.95
298,Harrietta,Oxterby,hoxterby89@google.cn,Female,79.176.220.193
299,Robbie,O'Dea,rodea8a@biblegateway.com,Male,249.120.45.183
300,Alma,Strathman,astrathman8b@cbsnews.com,Female,174.25.29.197
301,Josh,Philps,jphilps8c@princeton.edu,Male,136.141.120.49
302,Eduino,Finneran,efinneran8d@deviantart.com,Polygender,126.99.133.57
303,Dion,Chastagnier,dchastagnier8e@vkontakte.ru,Female,212.129.111.116
304,Penni,Danielou,pdanielou8f@yahoo.com,Female,176.48.179.142
305,Silva,Dragoe,sdragoe8g@flickr.com,Female,26.237.17.225
306,Brook,Johnsson,bjohnsson8h@omniture.com,Male,189.10.163.27
307,Jilleen,Petche,jpetche8i@timesonline.co.uk,Agender,55.53.165.79
308,Dov,Udie,dudie8j@economist.com,Male,1.51.177.74
309,Giraud,Huckett,ghuckett8k@constantcontact.com,Male,104.208.13.85
310,Joellyn,Giron,jgiron8l@buzzfeed.com,Female,61.213.214.233
311,Eb,Bartram,ebartram8m@epa.gov,Agender,83.225.140.228
312,Tara,Kernaghan,tkernaghan8n@abc.net.au,Bigender,155.114.252.2
313,Farrah,Yarnell,fyarnell8o@eventbrite.com,Female,8.159.232.167
314,Eyde,Schach,eschach8p@cdc.gov,Female,58.19.36.9
315,Aggi,Llop,allop8q@phoca.cz,Female,54.47.248.145
316,Vidovic,Rilston,vrilston8r@so-net.ne.jp,Male,162.75.223.216
317,Kattie,Arkley,karkley8s@over-blog.com,Female,95.48.109.21
318,Tanny,Nibley,tnibley8t@desdev.cn,Male,121.68.179.81
319,Osbourn,Shervil,oshervil8u@paypal.com,Male,4.195.85.180
320,Willdon,Tuck,wtuck8v@businessinsider.com,Male,108.249.107.97
321,Maynard,Becaris,mbecaris8w@ucla.edu,Male,129.176.34.104
322,Gearard,Delacoste,gdelacoste8x@ihg.com,Male,151.101.68.100
323,Margaretha,Titley,mtitley8y@biglobe.ne.jp,Female,154.132.103.229
324,Mose,Beavan,mbeavan8z@umich.edu,Male,102.85.115.48
325,Shandeigh,Oglesbee,soglesbee90@yolasite.com,Polygender,101.21.98.146
326,Bryana,Carnegy,bcarnegy91@wikispaces.com,Female,113.28.46.21
327,Gregoire,Coo,gcoo92@miibeian.gov.cn,Male,120.139.24.135
328,Lari,Dreigher,ldreigher93@jigsy.com,Female,213.149.214.137
329,Eirena,Housley,ehousley94@google.co.jp,Female,186.110.145.189
330,Abagail,Chart,achart95@noaa.gov,Bigender,33.65.76.10
331,Gaven,Mumbray,gmumbray96@google.co.jp,Male,48.79.249.157
332,Ola,Kenan,okenan97@kickstarter.com,Female,59.215.249.12
333,Jeremias,Culpan,jculpan98@umn.edu,Male,175.202.151.99
334,Martita,Gay,mgay99@quantcast.com,Female,4.246.142.212
335,Emlen,Camings,ecamings9a@a8.net,Male,40.163.22.183
336,Candra,Prandini,cprandini9b@sohu.com,Female,103.30.208.86
337,Pooh,Lancett,plancett9c@mapy.cz,Female,4.136.101.44
338,Nils,Clatworthy,nclatworthy9d@t-online.de,Male,148.199.213.121
339,Idaline,Coffelt,icoffelt9e@csmonitor.com,Female,231.229.102.236
340,Zilvia,Berggren,zberggren9f@sfgate.com,Female,200.188.110.170
341,Pammi,Whalebelly,pwhalebelly9g@si.edu,Female,32.218.12.69
342,Guillaume,Crust,gcrust9h@tamu.edu,Male,32.56.48.230
343,Mitchell,Burren,mburren9i@hp.com,Male,199.102.82.154
344,Budd,Durrance,bdurrance9j@samsung.com,Male,194.54.26.109
345,Koenraad,Greves,kgreves9k@simplemachines.org,Male,218.28.89.139
346,Dionne,Tregidgo,dtregidgo9l@epa.gov,Genderqueer,8.246.11.240
347,Levin,Andri,landri9m@china.com.cn,Male,97.166.44.19
348,Stafani,Joynes,sjoynes9n@gravatar.com,Female,185.93.88.231
349,Caresse,Gulberg,cgulberg9o@vk.com,Female,196.0.74.161
350,Jules,Feaver,jfeaver9p@patch.com,Male,89.199.73.239
351,Tine,Stoakes,tstoakes9q@oakley.com,Female,184.95.35.13
352,Briano,Pickup,bpickup9r@yahoo.com,Male,134.26.209.171
353,Tove,Squelch,tsquelch9s@newsvine.com,Female,154.71.12.207
354,Klara,Saggers,ksaggers9t@illinois.edu,Female,72.32.120.207
355,Kylie,Maren,kmaren9u@homestead.com,Non-binary,246.105.207.88
356,Rube,Pennycook,rpennycook9v@multiply.com,Male,138.161.52.86
357,Belicia,Burdas,bburdas9w@economist.com,Female,140.149.128.102
358,Cullan,Ure,cure9x@privacy.gov.au,Male,99.211.224.226
359,Duky,Joslow,djoslow9y@washingtonpost.com,Male,241.107.27.211
360,Delano,Wildman,dwildman9z@mapy.cz,Male,205.57.237.134
361,Gwenette,Nickols,gnickolsa0@posterous.com,Female,123.122.76.97
362,Gilli,Schwier,gschwiera1@liveinternet.ru,Non-binary,179.146.166.129
363,Karee,Montel,kmontela2@e-recht24.de,Female,13.131.178.183
364,Cliff,Laughlin,claughlina3@gmpg.org,Male,5.190.203.68
365,Iosep,Fossett,ifossetta4@fema.gov,Genderqueer,160.250.147.187
366,Dareen,Tumulty,dtumultya5@baidu.com,Female,11.190.8.120
367,Nari,Holdron,nholdrona6@ox.ac.uk,Female,138.4.48.134
368,Calli,Queste,cquestea7@furl.net,Female,49.230.130.124
369,Ollie,Anyon,oanyona8@fema.gov,Male,201.8.254.243
370,Thomasine,Ownsworth,townswortha9@apple.com,Female,16.188.97.225
371,Panchito,Buckleigh,pbuckleighaa@apple.com,Male,68.116.105.201
372,Audie,Culwen,aculwenab@statcounter.com,Agender,123.188.51.180
373,Susie,Bugdale,sbugdaleac@ibm.com,Female,221.237.13.79
374,Benyamin,Rosenfelt,brosenfeltad@cocolog-nifty.com,Male,228.131.144.135
375,Joanne,Donahue,jdonahueae@dedecms.com,Female,200.172.239.101
376,Janene,Philippault,jphilippaultaf@google.de,Female,37.159.73.117
377,Jo ann,Livesey,jliveseyag@tripod.com,Female,98.49.15.231
378,Willem,Warn,wwarnah@tuttocitta.it,Male,197.163.203.58
379,Jethro,Rawls,jrawlsai@wufoo.com,Male,34.49.189.56
380,Irvin,Evemy,ievemyaj@weibo.com,Male,246.166.165.22
381,Tatiana,Zammett,tzammettak@cam.ac.uk,Female,30.78.21.110
382,Niccolo,Mallows,nmallowsal@pinterest.com,Male,199.62.241.138
383,Carlie,Cottage,ccottageam@huffingtonpost.com,Female,112.106.221.184
384,Konstantin,Oldnall,koldnallan@businessweek.com,Male,91.9.222.89
385,Luciano,Hammersley,lhammersleyao@w3.org,Male,23.142.94.130
386,Ewart,Pashba,epashbaap@ibm.com,Male,205.195.56.164
387,Carey,Fridaye,cfridayeaq@alexa.com,Female,17.107.170.191
388,Everett,Waycot,ewaycotar@webnode.com,Male,107.119.165.203
389,Bernadette,Ffrench,bffrenchas@dedecms.com,Female,64.158.213.54
390,Marlena,Plain,mplainat@purevolume.com,Female,206.128.151.207
391,Faydra,Darko,fdarkoau@networkadvertising.org,Female,207.8.61.229
392,Murvyn,Witherup,mwitherupav@mapquest.com,Male,74.241.56.181
393,Meris,Brixey,mbrixeyaw@telegraph.co.uk,Female,47.97.190.227
394,Dinah,Spearett,dspearettax@usgs.gov,Female,245.95.212.144
395,Giana,Reeve,greeveay@123-reg.co.uk,Female,23.11.193.91
396,Kary,Randell,krandellaz@tinyurl.com,Female,66.0.234.14
397,Amata,Sorbey,asorbeyb0@spiegel.de,Female,170.99.80.237
398,Erwin,Grossier,egrossierb1@godaddy.com,Male,205.57.178.50
399,Mandy,Willavoys,mwillavoysb2@photobucket.com,Female,217.18.70.116
400,Zorah,Aynold,zaynoldb3@ft.com,Female,6.112.175.63
401,Juliette,Arndtsen,jarndtsenb4@businesswire.com,Female,78.183.104.154
402,Rollins,Bocke,rbockeb5@china.com.cn,Male,183.99.203.45
403,Shae,Minister,sministerb6@exblog.jp,Female,212.217.247.141
404,Evered,Starking,estarkingb7@ibm.com,Male,70.114.196.142
405,Irita,Venard,ivenardb8@businesswire.com,Female,233.237.225.172
406,Shermie,Atthowe,satthoweb9@over-blog.com,Male,190.70.174.81
407,Cale,Schimaschke,cschimaschkeba@bandcamp.com,Male,31.112.190.178
408,Ivie,Widocks,iwidocksbb@umich.edu,Female,145.204.38.6
409,Neall,Toy,ntoybc@last.fm,Male,212.2.79.158
410,Annette,Perl,aperlbd@barnesandnoble.com,Female,71.249.56.158
411,Thorny,Asbery,tasberybe@google.com.au,Male,215.67.87.221
412,Ardith,Scholtis,ascholtisbf@hibu.com,Agender,126.67.106.41
413,Correy,Livett,clivettbg@163.com,Male,78.20.182.190
414,Alison,Riddel,ariddelbh@narod.ru,Female,23.126.27.253
415,Hugh,O' Sullivan,hosullivanbi@google.de,Male,91.235.186.110
416,Kimberlee,Howsden,khowsdenbj@friendfeed.com,Female,34.137.240.6
417,Kandy,Antonik,kantonikbk@webeden.co.uk,Female,107.39.214.201
418,Rodd,Agastina,ragastinabl@wikia.com,Male,47.248.17.175
419,Harrie,Thresher,hthresherbm@parallels.com,Female,8.251.17.66
420,Alan,Beddis,abeddisbn@latimes.com,Male,253.244.219.31
421,Clemmy,MacCulloch,cmaccullochbo@skyrock.com,Male,141.185.66.38
422,Sunny,Weson,swesonbp@wsj.com,Male,81.95.95.223
423,Torrence,O'Doogan,todooganbq@printfriendly.com,Male,124.104.203.37
424,Launce,Fanton,lfantonbr@networkadvertising.org,Male,164.248.205.222
425,Babita,Vellacott,bvellacottbs@mediafire.com,Genderqueer,240.231.84.4
426,Lorinda,Pastor,lpastorbt@mit.edu,Female,123.171.119.53
427,Riva,Eastmond,reastmondbu@ox.ac.uk,Female,161.177.226.251
428,Rhett,Mytton,rmyttonbv@dedecms.com,Bigender,46.66.48.2
429,Eirena,Duester,eduesterbw@uol.com.br,Female,151.84.119.249
430,Theodor,Ernke,ternkebx@fda.gov,Male,1.254.80.45
431,Lorie,Caramuscia,lcaramusciaby@sbwire.com,Female,206.80.97.175
432,Leshia,Deacock,ldeacockbz@cbsnews.com,Female,144.218.132.124
433,Bianka,Richemond,brichemondc0@4shared.com,Female,81.184.29.13
434,Gerhardt,Hallowes,ghallowesc1@sitemeter.com,Genderqueer,215.94.108.206
435,Markos,Cella,mcellac2@behance.net,Male,141.5.145.142
436,Amabelle,Guillem,aguillemc3@theatlantic.com,Female,121.205.217.201
437,Wilek,Grainger,wgraingerc4@marketwatch.com,Male,161.60.204.82
438,Troy,Eubank,teubankc5@nba.com,Male,248.161.47.115
439,Hercules,Berwick,hberwickc6@alexa.com,Male,54.80.36.66
440,Archibold,Bucknall,abucknallc7@statcounter.com,Male,221.202.121.109
441,Tucker,Yurmanovev,tyurmanovevc8@unesco.org,Male,179.49.150.78
442,Maxwell,Van Velden,mvanveldenc9@economist.com,Male,205.18.19.62
443,Elvis,Spenceley,espenceleyca@bloglines.com,Male,118.37.0.10
444,Corbett,Ethridge,cethridgecb@google.co.uk,Male,102.237.154.92
445,Mortie,Christley,mchristleycc@msu.edu,Male,222.95.38.168
446,Gratia,Samms,gsammscd@nbcnews.com,Female,22.172.201.40
447,Bibbie,Vequaud,bvequaudce@engadget.com,Agender,148.99.234.91
448,Sergeant,Passfield,spassfieldcf@china.com.cn,Male,65.49.238.110
449,Janos,Fluin,jfluincg@netscape.com,Male,36.79.234.131
450,Erroll,Egentan,eegentanch@ovh.net,Male,229.250.81.65
451,North,Klausen,nklausenci@tamu.edu,Male,230.241.243.169
452,Aime,Lighterness,alighternesscj@trellian.com,Female,176.52.126.185
453,Krispin,End,kendck@linkedin.com,Male,245.181.253.109
454,Kerk,Ridhole,kridholecl@pen.io,Male,245.171.19.190
455,Rancell,Pfleger,rpflegercm@mozilla.com,Male,69.242.88.1
456,Sal,Havelin,shavelincn@elegantthemes.com,Female,50.37.204.213
457,Christine,Dacca,cdaccaco@google.pl,Female,143.145.53.153
458,Deny,Holttom,dholttomcp@shutterfly.com,Female,26.216.234.23
459,Kev,Ferrettino,kferrettinocq@reference.com,Male,236.245.185.200
460,Gaylor,Leer,gleercr@netscape.com,Male,180.20.223.255
461,Martyn,Allnutt,mallnuttcs@hp.com,Male,175.43.140.115
462,Amity,Sabie,asabiect@yale.edu,Female,104.178.119.190
463,Johannes,Claypool,jclaypoolcu@imdb.com,Male,248.210.5.68
464,Ortensia,Cosh,ocoshcv@ucla.edu,Female,2.43.217.151
465,Nariko,Olczyk,nolczykcw@goo.gl,Non-binary,219.56.82.58
466,Sandro,Poore,spoorecx@theglobeandmail.com,Male,142.200.132.192
467,Elbertina,Gooder,egoodercy@mediafire.com,Female,222.45.234.140
468,Cirstoforo,Bruinsma,cbruinsmacz@icio.us,Male,173.151.107.147
469,Marquita,McLucas,mmclucasd0@slideshare.net,Female,226.149.246.206
470,Dunn,Oldershaw,doldershawd1@godaddy.com,Male,15.92.202.206
471,Jill,Andrews,jandrewsd2@npr.org,Female,98.220.163.239
472,Alec,Craghead,acragheadd3@msn.com,Male,201.15.106.204
473,Nehemiah,Huncote,nhuncoted4@exblog.jp,Male,166.157.11.61
474,Karin,Kinnear,kkinneard5@craigslist.org,Female,114.232.174.16
475,Odo,Merrgan,omerrgand6@dot.gov,Male,247.113.56.57
476,Isabelita,Bentsen,ibentsend7@dot.gov,Female,189.236.237.31
477,Antonio,Motto,amottod8@github.com,Male,30.216.110.22
478,Sophronia,Crepin,screpind9@e-recht24.de,Female,25.223.38.84
479,Alayne,Dewbury,adewburyda@google.it,Female,109.201.238.207
480,Benjy,Lechelle,blechelledb@netvibes.com,Male,72.102.164.186
481,Lemuel,Ivashintsov,livashintsovdc@illinois.edu,Male,44.67.254.145
482,Kira,Wesley,kwesleydd@xrea.com,Female,40.39.147.98
483,Evita,Summerfield,esummerfieldde@blogger.com,Female,154.197.55.208
484,Vinson,Grayham,vgrayhamdf@oakley.com,Male,172.185.7.23
485,Elvyn,Causbey,ecausbeydg@dot.gov,Male,220.94.184.82
486,Kerr,Couldwell,kcouldwelldh@quantcast.com,Male,10.30.110.29
487,Angel,Fairbard,afairbarddi@fc2.com,Male,20.38.218.160
488,Hester,Broadfoot,hbroadfootdj@eventbrite.com,Female,10.102.62.45
489,Liza,Pevreal,lpevrealdk@behance.net,Female,170.81.174.101
490,Willie,Farquharson,wfarquharsondl@sohu.com,Male,170.72.74.186
491,Sterne,Starking,sstarkingdm@archive.org,Male,214.167.34.101
492,Darb,Patriskson,dpatrisksondn@theguardian.com,Female,31.181.198.200
493,Maddy,Robertot,mrobertotdo@go.com,Male,209.50.135.73
494,Gertrudis,Westrope,gwestropedp@rambler.ru,Female,231.84.102.239
495,Adel,Billie,abilliedq@weebly.com,Female,228.114.88.52
496,Jonell,Smither,jsmitherdr@reverbnation.com,Female,171.133.63.157
497,Debra,Bilbie,dbilbieds@foxnews.com,Female,35.159.198.109
498,Linzy,Tallach,ltallachdt@networkadvertising.org,Female,123.41.82.172
499,Ray,Brown,rbrowndu@cam.ac.uk,Bigender,158.19.128.201
500,Abraham,Badman,abadmandv@slashdot.org,Male,154.22.147.136
501,Leoline,King,lkingdw@360.cn,Female,91.249.140.227
502,Orelie,Blaiklock,oblaiklockdx@java.com,Female,185.54.76.229
503,Moselle,Bergeon,mbergeondy@usatoday.com,Female,159.173.30.172
504,Nichole,Brickstock,nbrickstockdz@ebay.co.uk,Genderfluid,74.249.250.112
505,Gayle,Verny,gvernye0@tripadvisor.com,Female,181.58.218.193
506,Rochette,Nestoruk,rnestoruke1@cocolog-nifty.com,Female,67.183.112.245
507,Hadria,Palle,hpallee2@networkadvertising.org,Female,130.180.255.246
508,Karina,Sansom,ksansome3@mozilla.com,Non-binary,169.230.123.24
509,Wilmer,Edmed,wedmede4@geocities.jp,Male,24.141.254.146
510,Patten,Pagan,ppagane5@123-reg.co.uk,Male,43.208.54.69
511,Karmen,Ribbens,kribbense6@plala.or.jp,Female,135.94.103.105
512,Carin,Mair,cmaire7@harvard.edu,Female,240.182.25.30
513,Waylon,Easterbrook,weasterbrooke8@issuu.com,Male,52.159.45.23
514,Tye,Ivannikov,tivannikove9@quantcast.com,Male,155.33.58.7
515,Burton,Sowray,bsowrayea@disqus.com,Male,186.72.247.206
516,Florinda,Ashmole,fashmoleeb@wisc.edu,Female,136.57.2.9
517,Gaynor,Hunt,ghuntec@narod.ru,Female,94.99.254.247
518,Elfie,Haugen,ehaugened@gov.uk,Female,221.205.169.165
519,Teriann,Andrault,tandraultee@bizjournals.com,Female,239.22.157.142
520,Brier,Keble,bkebleef@tinyurl.com,Female,0.250.235.167
521,Lizbeth,McElrea,lmcelreaeg@dyndns.org,Female,73.63.102.210
522,Lorrin,Allard,lallardeh@desdev.cn,Female,202.88.103.97
523,Ki,McFayden,kmcfaydenei@taobao.com,Female,27.143.213.57
524,Tresa,Laborda,tlabordaej@trellian.com,Genderfluid,198.180.113.229
525,Clayton,Blackham,cblackhamek@wired.com,Male,239.134.71.182
526,Geoffry,Simcoe,gsimcoeel@ocn.ne.jp,Male,108.100.177.51
527,Kirbie,Desporte,kdesporteem@mysql.com,Female,49.84.44.44
528,Thadeus,Billyeald,tbillyealden@last.fm,Male,74.82.76.243
529,Dorie,Mazillius,dmazilliuseo@trellian.com,Polygender,71.154.255.157
530,Camel,Hurrion,churrionep@freewebs.com,Female,45.90.182.0
531,Caralie,McKellen,cmckelleneq@blog.com,Female,248.57.100.153
532,Court,Kennerley,ckennerleyer@about.me,Bigender,22.146.98.177
533,Katharyn,Orridge,korridgees@newyorker.com,Female,53.108.101.236
534,Dew,Rosenfeld,drosenfeldet@google.com.hk,Male,36.152.173.115
535,Terra,Savage,tsavageeu@sun.com,Female,104.118.184.72
536,Liana,Shitliffe,lshitliffeev@edublogs.org,Female,8.117.5.123
537,Corey,Tredwell,ctredwellew@usgs.gov,Female,223.124.7.241
538,Solomon,Huscroft,shuscroftex@mail.ru,Male,120.152.114.176
539,Christabel,Waskett,cwaskettey@twitter.com,Female,33.106.171.181
540,Doe,Shippard,dshippardez@example.com,Female,151.201.192.255
541,Sena,Realph,srealphf0@nymag.com,Female,245.196.11.217
542,Gwen,Milch,gmilchf1@about.me,Female,231.110.202.74
543,Alisander,Carruthers,acarruthersf2@sourceforge.net,Male,237.107.99.160
544,Bealle,Zanussii,bzanussiif3@com.com,Male,88.51.149.216
545,Vanya,Bowart,vbowartf4@ed.gov,Female,178.192.2.9
546,Timofei,Sandy,tsandyf5@berkeley.edu,Genderfluid,197.49.152.242
547,Ammamaria,Drains,adrainsf6@reuters.com,Female,225.53.45.231
548,Denny,Ellesworth,dellesworthf7@opensource.org,Female,222.100.93.22
549,Vanessa,Eton,vetonf8@geocities.jp,Non-binary,73.94.133.204
550,Sibylla,Hagard,shagardf9@archive.org,Genderfluid,202.185.114.13
551,Oswell,Ouver,oouverfa@ca.gov,Male,192.24.137.35
552,Reinhold,Ainley,rainleyfb@hexun.com,Genderfluid,250.145.88.192
553,Pia,Katt,pkattfc@foxnews.com,Female,197.214.67.89
554,Blanche,Baude,bbaudefd@example.com,Female,217.85.228.218
555,Garrot,Gretton,ggrettonfe@netvibes.com,Male,248.82.58.184
556,Darin,Bansal,dbansalff@bizjournals.com,Male,55.143.159.186
557,Jemimah,Broz,jbrozfg@ask.com,Female,72.199.67.111
558,Claudie,Andriolli,candriollifh@about.com,Female,197.34.148.222
559,Sebastian,Allmond,sallmondfi@yahoo.co.jp,Male,103.128.31.253
560,Arv,Willeson,awillesonfj@domainmarket.com,Male,127.39.168.141
561,Issiah,Witt,iwittfk@facebook.com,Male,229.216.159.179
562,Georgetta,Gauthorpp,ggauthorppfl@dyndns.org,Female,146.160.9.83
563,Mahala,Costen,mcostenfm@wikimedia.org,Female,78.32.220.188
564,Caitrin,Kowal,ckowalfn@nbcnews.com,Female,23.202.42.243
565,Genovera,Rosten,grostenfo@china.com.cn,Female,122.105.202.172
566,Ulrikaumeko,Graham,ugrahamfp@hc360.com,Female,112.106.109.216
567,Jammal,Moatt,jmoattfq@wiley.com,Male,17.177.12.8
568,Mikey,Bottleson,mbottlesonfr@mozilla.org,Male,138.68.24.85
569,Esmeralda,Colebeck,ecolebeckfs@tmall.com,Female,245.221.13.214
570,Solomon,Blakeslee,sblakesleeft@jiathis.com,Male,199.22.91.237
571,Carly,Elfitt,celfittfu@vkontakte.ru,Male,198.18.160.92
572,Dannel,Kelwaybamber,dkelwaybamberfv@disqus.com,Male,163.169.72.104
573,Melly,Shilston,mshilstonfw@arizona.edu,Female,20.155.200.40
574,Carlyle,Giddons,cgiddonsfx@elpais.com,Male,111.99.119.59
575,Dorothy,Kanzler,dkanzlerfy@mashable.com,Polygender,240.175.52.127
576,Paco,Pindred,ppindredfz@google.com,Male,84.46.131.236
577,Eddie,Guinery,eguineryg0@gmpg.org,Female,223.193.2.255
578,Otis,Kuhne,okuhneg1@nih.gov,Male,150.237.139.57
579,Layton,Colleran,lcollerang2@domainmarket.com,Male,25.138.254.67
580,Kristoffer,Martinson,kmartinsong3@mtv.com,Male,41.33.35.33
581,Pacorro,Roll,prollg4@examiner.com,Male,114.40.103.226
582,Filberte,Rowson,frowsong5@techcrunch.com,Male,134.19.180.2
583,Fay,Bursnell,fbursnellg6@mashable.com,Female,10.202.93.141
584,Marcellina,Hayhurst,mhayhurstg7@ibm.com,Female,243.128.208.56
585,Mar,Hrishanok,mhrishanokg8@macromedia.com,Male,131.83.240.192
586,Johnette,Tarr,jtarrg9@xing.com,Female,227.213.245.162
587,Hadleigh,Vizard,hvizardga@weather.com,Male,172.172.203.145
588,Alwyn,Goranov,agoranovgb@dot.gov,Male,229.76.155.28
589,Obadias,McCuis,omccuisgc@mac.com,Male,200.129.106.177
590,Alyson,Tapply,atapplygd@stanford.edu,Female,46.51.207.97
591,Pamella,Lorincz,plorinczge@nhs.uk,Female,207.102.161.50
592,Nona,Sheal,nshealgf@marketwatch.com,Female,193.46.186.166
593,Kylie,Huyhton,khuyhtongg@163.com,Male,254.66.31.237
594,Eadmund,Synan,esynangh@msn.com,Male,139.84.86.98
595,Teddie,Calloway,tcallowaygi@sfgate.com,Female,205.171.29.202
596,Egan,Dullard,edullardgj@scribd.com,Male,220.124.79.31
597,Isa,Sloyan,isloyangk@hao123.com,Male,108.174.160.6
598,Ajay,Pitcher,apitchergl@furl.net,Female,23.215.198.245
599,Freddie,Millam,fmillamgm@usa.gov,Male,93.175.58.178
600,Virgina,Casari,vcasarign@japanpost.jp,Female,178.23.34.135
601,Nadeen,Coppeard,ncoppeardgo@plala.or.jp,Agender,177.252.14.78
602,Marlane,Showell,mshowellgp@addthis.com,Female,67.1.119.209
603,Caterina,Amoss,camossgq@rambler.ru,Female,177.170.104.128
604,Tymon,Otson,totsongr@accuweather.com,Male,144.131.148.185
605,Zach,Bohling,zbohlinggs@technorati.com,Male,116.32.116.2
606,Filmer,Dy,fdygt@redcross.org,Male,59.34.74.100
607,Leontine,Adriano,ladrianogu@dot.gov,Female,107.192.166.22
608,Rad,Evins,revinsgv@purevolume.com,Male,158.176.214.202
609,Nevins,Dawney,ndawneygw@samsung.com,Male,83.147.88.43
610,Cosimo,Inglis,cinglisgx@networksolutions.com,Bigender,187.208.148.118
611,Tim,Maryin,tmaryingy@plala.or.jp,Male,182.96.188.20
612,Jacquette,Gozzett,jgozzettgz@pcworld.com,Female,207.240.225.167
613,Minny,Lightbody,mlightbodyh0@1und1.de,Female,136.43.240.17
614,Sonni,Fosdike,sfosdikeh1@harvard.edu,Female,9.48.178.201
615,Teri,Blampy,tblampyh2@myspace.com,Female,134.174.28.203
616,Olag,Zouch,ozouchh3@ucoz.com,Male,3.155.93.212
617,Audrie,Wandless,awandlessh4@youtu.be,Female,189.163.67.2
618,Chick,Roberts,crobertsh5@topsy.com,Male,177.196.209.57
619,Mikkel,Skypp,mskypph6@house.gov,Male,118.207.64.51
620,Bern,Orrick,borrickh7@google.ca,Male,169.148.59.17
621,Gertruda,Befroy,gbefroyh8@dailymail.co.uk,Female,143.65.214.107
622,Donna,Coo,dcooh9@cargocollective.com,Female,130.145.222.123
623,Lowrance,Vereker,lverekerha@google.it,Genderqueer,195.71.57.62
624,Antonie,Tohill,atohillhb@seesaa.net,Female,237.96.109.244
625,Brade,Spelwood,bspelwoodhc@sciencedaily.com,Male,134.59.166.213
626,Marilee,Leavey,mleaveyhd@acquirethisname.com,Genderqueer,79.75.175.4
627,Kellby,Ivanishchev,kivanishchevhe@independent.co.uk,Male,239.91.49.84
628,Avictor,Canet,acanethf@hubpages.com,Male,21.191.225.194
629,Simone,Alday,saldayhg@github.io,Female,87.43.223.42
630,Bonita,Penhallurick,bpenhallurickhh@ted.com,Female,224.8.219.175
631,Llywellyn,Fairfoot,lfairfoothi@harvard.edu,Male,18.29.97.55
632,Irvin,Galbraith,igalbraithhj@sakura.ne.jp,Male,147.104.84.221
633,Maddalena,Gammons,mgammonshk@behance.net,Genderfluid,228.1.2.22
634,Elden,Devereux,edevereuxhl@bigcartel.com,Male,138.108.206.150
635,Shandeigh,Scotchmer,sscotchmerhm@mozilla.org,Female,115.230.25.61
636,Quintin,Zannotti,qzannottihn@wsj.com,Male,178.145.226.148
637,Jesse,Houlridge,jhoulridgeho@bbb.org,Male,157.114.113.32
638,Tallou,Dansken,tdanskenhp@nba.com,Genderqueer,48.96.189.252
639,Lissy,Bendtsen,lbendtsenhq@hubpages.com,Female,253.197.104.246
640,Merill,Grabb,mgrabbhr@statcounter.com,Male,133.200.215.47
641,Erminie,Peiro,epeirohs@howstuffworks.com,Female,110.222.15.224
642,Brittany,Etock,betockht@alexa.com,Female,55.187.25.106
643,Evyn,Ellershaw,eellershawhu@craigslist.org,Male,229.44.200.103
644,Kristopher,Behnecke,kbehneckehv@ibm.com,Male,97.128.75.58
645,Kendell,Bene,kbenehw@irs.gov,Bigender,166.214.203.214
646,Carmon,Heake,cheakehx@reverbnation.com,Female,158.27.58.72
647,Ardenia,Fletham,aflethamhy@chronoengine.com,Genderfluid,242.188.114.209
648,Gallagher,Bleakman,gbleakmanhz@amazon.co.jp,Male,101.51.115.172
649,Kenn,Gounel,kgouneli0@topsy.com,Male,253.253.21.76
650,Brigg,Eagleton,beagletoni1@twitter.com,Male,97.28.58.162
651,Zacharia,Kewzick,zkewzicki2@etsy.com,Male,147.185.215.211
652,Cathi,Langstone,clangstonei3@joomla.org,Female,18.187.13.122
653,Lincoln,Adao,ladaoi4@tmall.com,Male,47.72.75.110
654,Anson,Spottiswoode,aspottiswoodei5@photobucket.com,Male,131.135.52.237
655,Obadiah,Strelitz,ostrelitzi6@csmonitor.com,Male,109.190.164.152
656,Benny,Coope,bcoopei7@virginia.edu,Genderqueer,2.119.71.27
657,Gabriell,Croce,gcrocei8@un.org,Female,73.28.211.80
658,Saudra,Kendrew,skendrewi9@csmonitor.com,Female,98.16.80.2
659,Susette,Dandison,sdandisonia@hp.com,Female,105.224.210.30
660,Gorden,Gever,ggeverib@biblegateway.com,Male,148.171.253.227
661,Halsey,Ferrari,hferrariic@weibo.com,Agender,79.218.216.81
662,Menard,Batty,mbattyid@smh.com.au,Polygender,25.35.181.51
663,Chelsae,Fidgeon,cfidgeonie@g.co,Female,167.162.84.137
664,Claudetta,Harewood,charewoodif@redcross.org,Female,241.39.92.113
665,Brena,Sindell,bsindellig@businessinsider.com,Female,201.25.213.184
666,Darcey,Hanlin,dhanlinih@blinklist.com,Female,98.250.18.27
667,Octavia,Roscam,oroscamii@cam.ac.uk,Female,129.113.174.208
668,Johan,Gallandre,jgallandreij@foxnews.com,Male,141.12.11.2
669,Theresa,Nolda,tnoldaik@fastcompany.com,Female,179.239.242.96
670,Mildrid,Rossander,mrossanderil@imgur.com,Female,240.214.40.149
671,Virge,Darracott,vdarracottim@liveinternet.ru,Male,194.85.109.99
672,Abigail,Wilkisson,awilkissonin@simplemachines.org,Female,12.127.251.78
673,Tova,Sacaze,tsacazeio@sina.com.cn,Female,228.245.103.247
674,Lea,Esberger,lesbergerip@altervista.org,Female,178.28.22.19
675,Ketti,Horsfield,khorsfieldiq@google.de,Female,0.227.184.242
676,Sioux,Evreux,sevreuxir@ted.com,Genderfluid,234.53.82.16
677,Jake,Nast,jnastis@desdev.cn,Male,127.42.255.200
678,Shurlocke,Stearley,sstearleyit@alexa.com,Male,188.64.55.70
679,Micky,Woodroff,mwoodroffiu@alibaba.com,Male,147.206.68.12
680,Uta,Marczyk,umarczykiv@cpanel.net,Female,30.209.76.149
681,Jamil,Gitting,jgittingiw@patch.com,Male,39.216.103.81
682,Glenine,Burnes,gburnesix@google.co.jp,Female,214.67.146.230
683,Wilton,Tyne,wtyneiy@tinypic.com,Male,61.52.54.213
684,Uriel,Rubinfeld,urubinfeldiz@youtube.com,Male,18.57.200.136
685,Irwinn,Pigeon,ipigeonj0@marriott.com,Male,176.180.75.252
686,Conrado,Mallebone,cmallebonej1@storify.com,Male,45.181.225.254
687,Erny,Curnok,ecurnokj2@dailymotion.com,Male,19.74.175.86
688,Nickie,Geri,ngerij3@1und1.de,Male,158.131.163.198
689,Kermie,Morman,kmormanj4@homestead.com,Male,209.43.19.232
690,Dalenna,Goves,dgovesj5@pinterest.com,Female,248.133.195.157
691,Rosalinda,Josham,rjoshamj6@xrea.com,Genderfluid,161.78.145.94
692,Sisile,Lannen,slannenj7@foxnews.com,Female,97.140.217.132
693,Giffard,Palffy,gpalffyj8@livejournal.com,Male,51.205.40.150
694,Pia,Scholar,pscholarj9@list-manage.com,Female,195.61.86.62
695,Daryn,Cathrall,dcathrallja@ebay.com,Female,168.76.40.136
696,Cristie,Baly,cbalyjb@freewebs.com,Female,140.215.140.108
697,Allie,Casin,acasinjc@umn.edu,Male,104.253.141.87
698,Don,Hutfield,dhutfieldjd@usgs.gov,Male,189.62.201.20
699,Jaclyn,Munehay,jmunehayje@japanpost.jp,Female,232.73.131.82
700,Mariquilla,Raywood,mraywoodjf@ebay.co.uk,Female,101.151.85.153
701,Franky,Scripps,fscrippsjg@army.mil,Male,162.15.36.182
702,Adan,Matic,amaticjh@weather.com,Female,101.213.2.121
703,Danyette,Licas,dlicasji@phpbb.com,Female,128.57.185.49
704,Ronny,Bingell,rbingelljj@wordpress.com,Male,111.209.57.49
705,Bettina,Jannings,bjanningsjk@thetimes.co.uk,Female,63.165.90.22
706,Albrecht,Ruberti,arubertijl@epa.gov,Male,223.136.194.158
707,Zenia,Linguard,zlinguardjm@sfgate.com,Female,48.69.251.224
708,Arabela,Leagas,aleagasjn@freewebs.com,Female,75.225.53.249
709,Yuri,Powe,ypowejo@feedburner.com,Male,104.196.128.59
710,Jessica,Duerden,jduerdenjp@theguardian.com,Female,203.77.79.51
711,Vaughan,Ferrandez,vferrandezjq@spiegel.de,Male,159.77.157.180
712,Mariann,Garth,mgarthjr@drupal.org,Female,49.46.129.100
713,Gussy,Thebe,gthebejs@seattletimes.com,Female,13.120.34.113
714,Adelice,Clemetts,aclemettsjt@bloglovin.com,Genderqueer,46.153.31.197
715,Erwin,Bartram,ebartramju@imgur.com,Male,144.21.54.244
716,Calhoun,Hurn,churnjv@yandex.ru,Male,3.153.24.100
717,Dan,Hoffner,dhoffnerjw@youku.com,Male,223.47.23.124
718,Livia,Kelwaybamber,lkelwaybamberjx@123-reg.co.uk,Female,50.230.23.70
719,Verney,Brewett,vbrewettjy@hugedomains.com,Male,228.39.104.98
720,Israel,Eschelle,ieschellejz@webnode.com,Male,82.183.166.234
721,Tim,Fyndon,tfyndonk0@last.fm,Male,146.241.58.61
722,Gilemette,Kopf,gkopfk1@sitemeter.com,Polygender,233.80.255.160
723,Jillane,Francescuzzi,jfrancescuzzik2@ocn.ne.jp,Female,214.81.14.124
724,Maren,Cottam,mcottamk3@blogtalkradio.com,Female,226.121.207.175
725,Angil,Zienkiewicz,azienkiewiczk4@phpbb.com,Female,69.68.188.17
726,Bria,Pitrollo,bpitrollok5@webs.com,Genderqueer,134.165.220.245
727,Cam,Cowterd,ccowterdk6@squidoo.com,Female,223.125.225.48
728,Eugine,Fedorski,efedorskik7@bbc.co.uk,Female,248.155.55.160
729,Morie,Kellegher,mkellegherk8@cloudflare.com,Male,81.147.250.213
730,Maitilde,McQuode,mmcquodek9@1und1.de,Female,187.108.11.78
731,Lynnell,Cloutt,lclouttka@over-blog.com,Female,7.28.192.63
732,Stavro,Servante,sservantekb@vkontakte.ru,Male,223.104.250.149
733,Isidro,Shipp,ishippkc@hatena.ne.jp,Male,115.165.173.163
734,Gabie,O' Sullivan,gosullivankd@quantcast.com,Male,134.181.100.20
735,Camila,Aspinall,caspinallke@bloomberg.com,Female,144.49.62.9
736,Yorke,Herculson,yherculsonkf@nih.gov,Male,172.153.135.199
737,Ryan,Roe,rroekg@loc.gov,Male,84.130.214.208
738,Kurtis,Blazy,kblazykh@simplemachines.org,Male,92.131.246.114
739,Berke,Leale,blealeki@lulu.com,Male,52.43.136.181
740,Lyssa,Parkinson,lparkinsonkj@europa.eu,Female,212.218.96.78
741,Zachery,Wawer,zwawerkk@alexa.com,Male,224.106.32.153
742,Ware,Hazelgreave,whazelgreavekl@alexa.com,Male,238.32.114.110
743,Horatius,Wittier,hwittierkm@marketwatch.com,Male,206.170.189.157
744,Vanni,Gaughan,vgaughankn@slideshare.net,Female,147.254.96.11
745,Byrle,Staries,bstariesko@cafepress.com,Male,99.117.230.119
746,Lorelle,Lyste,llystekp@wordpress.com,Female,161.188.177.150
747,Pasquale,Ryle,prylekq@sciencedirect.com,Male,156.103.23.94
748,Fernandina,Battye,fbattyekr@loc.gov,Female,238.78.230.152
749,Blakelee,Wrankmore,bwrankmoreks@usatoday.com,Female,138.184.32.209
750,Quintus,Armytage,qarmytagekt@uol.com.br,Male,24.51.175.115
751,Philipa,Howell,phowellku@gravatar.com,Female,154.14.9.178
752,Magdalena,Vallack,mvallackkv@guardian.co.uk,Female,6.185.226.158
753,Vernen,Moffat,vmoffatkw@ftc.gov,Male,172.82.245.193
754,Marielle,Penner,mpennerkx@pcworld.com,Genderqueer,197.49.214.22
755,Helen-elizabeth,Gheerhaert,hgheerhaertky@behance.net,Female,172.148.67.249
756,Griswold,Gennrich,ggennrichkz@technorati.com,Male,190.243.239.233
757,Calv,Isgate,cisgatel0@google.co.uk,Male,100.23.127.26
758,Karlotte,Sunter,ksunterl1@whitehouse.gov,Female,163.100.204.38
759,Shaina,Gooding,sgoodingl2@kickstarter.com,Female,135.56.13.100
760,Isidore,Asbury,iasburyl3@prweb.com,Male,105.85.120.237
761,Jameson,Roberti,jrobertil4@dagondesign.com,Male,92.186.63.247
762,Katleen,Dunnet,kdunnetl5@ucsd.edu,Female,26.204.216.60
763,Alic,Hartas,ahartasl6@usda.gov,Male,45.148.80.188
764,Dorene,Virgo,dvirgol7@tinyurl.com,Genderqueer,157.177.71.85
765,Link,Manuaud,lmanuaudl8@cbsnews.com,Genderfluid,2.123.169.47
766,Jennine,Starbeck,jstarbeckl9@xrea.com,Female,203.194.171.230
767,Job,Langridge,jlangridgela@symantec.com,Genderqueer,71.18.246.166
768,Hedwig,Langran,hlangranlb@yale.edu,Female,12.26.29.230
769,Merle,Burgher,mburgherlc@chicagotribune.com,Female,248.185.7.34
770,Austin,Siebart,asiebartld@macromedia.com,Male,10.124.194.14
771,Brigham,Libreros,blibrerosle@bing.com,Male,249.224.86.60
772,Katherina,Verdy,kverdylf@webmd.com,Female,222.155.252.77
773,Hedwig,Lambswood,hlambswoodlg@google.es,Female,18.89.200.64
774,Gardie,Mattholie,gmattholielh@mapy.cz,Male,202.136.200.185
775,Marcy,McClounan,mmcclounanli@i2i.jp,Female,86.104.174.140
776,Arleen,Brabon,abrabonlj@alibaba.com,Genderfluid,168.132.172.196
777,Klara,Stringman,kstringmanlk@lycos.com,Female,225.158.201.127
778,Rosette,Lagne,rlagnell@mit.edu,Polygender,147.37.83.185
779,Ranee,Eltone,reltonelm@economist.com,Female,136.222.107.101
780,Delmor,Ganter,dganterln@cnbc.com,Male,154.135.195.116
781,Dita,Pauls,dpaulslo@archive.org,Polygender,213.94.228.103
782,Christalle,Dubique,cdubiquelp@simplemachines.org,Female,16.215.169.249
783,Chip,Pentelo,cpentelolq@dedecms.com,Male,81.110.169.170
784,Umeko,Buckthought,ubuckthoughtlr@bloglovin.com,Female,214.88.106.148
785,Verge,Renihan,vrenihanls@dmoz.org,Male,66.241.225.59
786,Oates,Hatfull,ohatfulllt@reverbnation.com,Male,192.23.61.205
787,Lissi,Tosdevin,ltosdevinlu@acquirethisname.com,Genderqueer,52.23.137.137
788,Blithe,Murkin,bmurkinlv@china.com.cn,Female,40.145.145.42
789,Sander,Muttitt,smuttittlw@unc.edu,Male,77.98.59.200
790,Domini,Rousell,drouselllx@illinois.edu,Female,248.195.76.172
791,Christiane,McSporrin,cmcsporrinly@sakura.ne.jp,Female,50.53.34.135
792,Lacee,Steckings,lsteckingslz@elegantthemes.com,Female,15.246.74.73
793,Doyle,Bebbell,dbebbellm0@cornell.edu,Male,60.61.38.39
794,Jehanna,Nolleth,jnollethm1@nymag.com,Female,136.245.174.131
795,Stella,Pogosian,spogosianm2@free.fr,Female,119.110.22.127
796,Cole,Dolohunty,cdolohuntym3@fotki.com,Male,114.237.215.25
797,Mariquilla,Twamley,mtwamleym4@nationalgeographic.com,Female,5.214.41.55
798,Juliana,Carvil,jcarvilm5@shareasale.com,Female,147.24.28.140
799,Benyamin,Syder,bsyderm6@npr.org,Male,75.99.175.174
800,Michell,Guildford,mguildfordm7@weibo.com,Female,174.151.237.118
801,Frasquito,Manston,fmanstonm8@angelfire.com,Male,141.32.2.2
802,Isaak,Attwell,iattwellm9@washingtonpost.com,Male,206.100.7.101
803,Bay,Sturgeon,bsturgeonma@guardian.co.uk,Male,25.212.31.70
804,Giorgio,Corrigan,gcorriganmb@google.com.br,Male,82.105.103.227
805,Meara,Tourner,mtournermc@wp.com,Female,197.202.208.107
806,Marylinda,Speedin,mspeedinmd@theatlantic.com,Female,55.212.60.65
807,Catha,Manz,cmanzme@naver.com,Female,43.251.18.61
808,Leif,Papa,lpapamf@nba.com,Male,17.128.130.188
809,Remus,Crayk,rcraykmg@domainmarket.com,Male,109.167.113.237
810,Nefen,Whitlam,nwhitlammh@icio.us,Male,40.217.188.99
811,Dyna,Melley,dmelleymi@clickbank.net,Female,117.39.200.239
812,Sigmund,Ramberg,srambergmj@mac.com,Male,46.214.109.253
813,Neala,Ianelli,nianellimk@abc.net.au,Female,51.72.233.22
814,Jerrold,Heaysman,jheaysmanml@instagram.com,Agender,113.27.246.237
815,Wenda,Volage,wvolagemm@omniture.com,Female,186.85.151.159
816,Norina,Suermeier,nsuermeiermn@xing.com,Female,145.201.98.208
817,Hirsch,Allawy,hallawymo@furl.net,Male,107.20.42.188
818,Annabell,Genner,agennermp@tuttocitta.it,Female,88.165.115.151
819,Saidee,Diggle,sdigglemq@netlog.com,Female,220.53.84.59
820,Ursula,Lehrer,ulehrermr@a8.net,Female,217.93.189.167
821,Eva,Rableau,erableaums@stanford.edu,Genderqueer,104.32.87.208
822,Gearalt,Pearcey,gpearceymt@histats.com,Male,107.80.82.250
823,Shadow,Sworder,sswordermu@biblegateway.com,Male,200.253.58.184
824,Darsie,Balcock,dbalcockmv@dailymail.co.uk,Female,166.38.99.154
825,Clemente,Doulden,cdouldenmw@berkeley.edu,Male,116.163.38.181
826,Grace,Steen,gsteenmx@smh.com.au,Male,241.12.147.210
827,Myca,Kernermann,mkernermannmy@seattletimes.com,Male,160.194.179.153
828,Emelda,Von Brook,evonbrookmz@networkadvertising.org,Female,49.119.232.183
829,Aloysia,Potkin,apotkinn0@hao123.com,Female,6.194.149.75
830,Caryl,Croshaw,ccroshawn1@clickbank.net,Male,97.50.178.237
831,Claus,Fawlks,cfawlksn2@shutterfly.com,Male,63.190.160.193
832,Robenia,Lemmens,rlemmensn3@networkadvertising.org,Female,254.24.212.144
833,Valenka,Tregido,vtregidon4@blogtalkradio.com,Female,26.251.69.182
834,Duffy,Normadell,dnormadelln5@cornell.edu,Male,125.122.125.53
835,Frederic,O'Shaughnessy,foshaughnessyn6@hp.com,Male,156.241.84.243
836,Obediah,Petrusch,opetruschn7@state.tx.us,Male,42.243.26.171
837,Lavinia,Irons,lironsn8@naver.com,Female,16.101.237.233
838,Lorne,Cawston,lcawstonn9@zimbio.com,Male,243.135.242.159
839,Stuart,Murricanes,smurricanesna@ebay.co.uk,Male,84.248.152.82
840,Adolph,Philipsohn,aphilipsohnnb@meetup.com,Genderfluid,20.207.192.132
841,Constantino,Edyson,cedysonnc@mapquest.com,Male,26.0.186.31
842,Jerrylee,Nolton,jnoltonnd@w3.org,Female,154.14.108.70
843,Hymie,Marchand,hmarchandne@google.pl,Male,44.79.153.38
844,Eden,Titchener,etitchenernf@merriam-webster.com,Female,45.51.205.100
845,Patten,Glenfield,pglenfieldng@cargocollective.com,Male,93.194.207.252
846,Belita,Callf,bcallfnh@narod.ru,Female,233.6.119.30
847,Elmira,Iskov,eiskovni@comsenz.com,Female,246.131.21.106
848,Vince,Kopisch,vkopischnj@t-online.de,Male,54.217.249.10
849,Saunders,McGuiney,smcguineynk@blinklist.com,Male,125.84.20.133
850,Phedra,Shillabeer,pshillabeernl@live.com,Genderqueer,243.198.170.96
851,Kelci,Clendinning,kclendinningnm@gravatar.com,Female,29.50.164.196
852,Price,Redish,predishnn@acquirethisname.com,Male,109.58.97.5
853,Karlens,Pratty,kprattyno@usatoday.com,Male,185.11.212.110
854,Sim,Roughley,sroughleynp@soup.io,Agender,244.97.29.151
855,Krispin,Olczyk,kolczyknq@baidu.com,Genderfluid,36.166.67.92
856,Addy,MacRedmond,amacredmondnr@artisteer.com,Male,25.113.176.98
857,Cary,Cawdell,ccawdellns@dailymotion.com,Male,57.177.110.215
858,Prisca,Shewring,pshewringnt@nsw.gov.au,Female,1.250.105.134
859,Kalil,Zanicchi,kzanicchinu@skype.com,Male,168.224.169.193
860,Bellanca,Dowell,bdowellnv@patch.com,Female,225.15.125.58
861,Cam,Nevet,cnevetnw@gov.uk,Female,196.111.92.52
862,Daryle,Joysey,djoyseynx@shutterfly.com,Male,33.77.206.218
863,Blayne,Izzard,bizzardny@barnesandnoble.com,Male,175.109.154.57
864,Marga,Blankett,mblankettnz@samsung.com,Female,228.208.72.156
865,Clio,Siseland,csiselando0@nbcnews.com,Female,243.84.11.130
866,Kalila,Doleman,kdolemano1@surveymonkey.com,Female,6.241.65.53
867,Mavis,Frounks,mfrounkso2@jiathis.com,Female,123.223.124.237
868,Sorcha,Simoneau,ssimoneauo3@mtv.com,Female,91.242.201.226
869,Reginald,Slograve,rslograveo4@google.ca,Male,45.56.29.4
870,Jordon,Jaggers,jjaggerso5@elpais.com,Non-binary,173.193.158.163
871,Palm,Hyams,phyamso6@networkadvertising.org,Male,124.96.153.212
872,Thoma,Pinwell,tpinwello7@yellowpages.com,Male,231.170.111.44
873,Roderigo,Ramelot,rrameloto8@cbsnews.com,Male,126.190.4.15
874,Missy,Smithin,msmithino9@mtv.com,Female,139.62.145.174
875,Kinnie,Ricks,kricksoa@cisco.com,Male,71.254.89.171
876,Randy,Lovatt,rlovattob@hp.com,Female,193.84.27.121
877,Dana,MacCarter,dmaccarteroc@merriam-webster.com,Male,79.33.9.208
878,Mariam,Loades,mloadesod@parallels.com,Female,8.117.89.130
879,Giraldo,Gamon,ggamonoe@jalbum.net,Male,178.167.238.134
880,Kilian,Fenney,kfenneyof@businessweek.com,Male,95.144.2.222
881,Shelton,Chell,schellog@forbes.com,Male,139.232.3.179
882,Feliza,Colthard,fcolthardoh@eepurl.com,Genderfluid,54.254.188.110
883,Meggie,Chittleburgh,mchittleburghoi@altervista.org,Female,238.92.215.246
884,Marius,Fader,mfaderoj@webeden.co.uk,Male,197.121.197.155
885,Billi,Cattach,bcattachok@mail.ru,Female,172.18.0.99
886,Hamil,Yewdale,hyewdaleol@utexas.edu,Male,127.157.68.217
887,Desiree,Mutimer,dmutimerom@themeforest.net,Female,102.241.42.83
888,Bradley,Petche,bpetcheon@live.com,Male,81.66.122.181
889,Tobit,Pashby,tpashbyoo@forbes.com,Male,195.79.225.114
890,Felice,Coalbran,fcoalbranop@un.org,Agender,135.203.13.179
891,Vinny,Spottiswoode,vspottiswoodeoq@cam.ac.uk,Male,44.48.91.222
892,Hana,Linnell,hlinnellor@wikimedia.org,Female,208.235.134.197
893,Des,Dunning,ddunningos@walmart.com,Genderfluid,119.3.107.117
894,Berna,Dudmesh,bdudmeshot@newyorker.com,Female,115.244.181.80
895,Pierrette,Oguz,poguzou@1und1.de,Non-binary,58.68.7.148
896,Friederike,Irons,fironsov@shinystat.com,Female,162.100.162.155
897,Whitaker,Tarrant,wtarrantow@webs.com,Male,207.235.128.188
898,Annabela,Stilgo,astilgoox@homestead.com,Female,135.89.168.31
899,Loni,Hasluck,lhasluckoy@sciencedaily.com,Polygender,22.144.126.66
900,Silvain,Comiskey,scomiskeyoz@huffingtonpost.com,Male,228.238.28.23
901,Jocelyne,Maes,jmaesp0@spiegel.de,Female,207.8.98.175
902,Thom,Tixier,ttixierp1@prnewswire.com,Male,215.206.54.236
903,Umberto,Sheards,usheardsp2@simplemachines.org,Polygender,152.108.166.225
904,Hallie,Sheers,hsheersp3@hostgator.com,Female,133.21.96.245
905,Marius,Toun,mtounp4@microsoft.com,Male,219.198.9.164
906,Cristionna,Mattke,cmattkep5@i2i.jp,Female,183.132.246.255
907,Hyman,Congrave,hcongravep6@studiopress.com,Male,231.181.41.200
908,Mufinella,Andri,mandrip7@bandcamp.com,Female,229.145.124.146
909,Torry,Berling,tberlingp8@japanpost.jp,Male,44.79.219.129
910,Welby,Krol,wkrolp9@clickbank.net,Male,117.78.75.0
911,Kirbie,Shepland,ksheplandpa@usatoday.com,Female,205.33.239.14
912,Shaylynn,Syme,ssymepb@amazon.de,Female,199.185.7.229
913,Chester,Rawsthorne,crawsthornepc@psu.edu,Male,15.63.156.227
914,Jacklyn,Markova,jmarkovapd@thetimes.co.uk,Non-binary,234.192.77.212
915,Lanette,Featley,lfeatleype@qq.com,Female,180.221.138.149
916,Rafaela,Chisnall,rchisnallpf@amazon.com,Female,28.105.136.146
917,Jacky,Treneman,jtrenemanpg@ocn.ne.jp,Female,117.247.100.96
918,Levy,Fosten,lfostenph@cornell.edu,Male,253.130.32.75
919,Glenn,Adey,gadeypi@businessinsider.com,Male,3.131.6.197
920,Ray,Theunissen,rtheunissenpj@cdc.gov,Female,108.61.162.6
921,Kizzie,Cluderay,kcluderaypk@bandcamp.com,Female,88.248.27.216
922,Celie,Twinberrow,ctwinberrowpl@wikia.com,Female,7.60.182.96
923,Reinaldo,MacNeill,rmacneillpm@nydailynews.com,Male,120.140.244.131
924,Frederik,Mosdill,fmosdillpn@telegraph.co.uk,Male,4.229.207.178
925,Gardie,Cuvley,gcuvleypo@cbc.ca,Male,190.146.7.98
926,Yelena,Asquez,yasquezpp@g.co,Female,111.192.124.92
927,Kirsten,Labat,klabatpq@youtu.be,Female,49.200.199.166
928,Frank,Basezzi,fbasezzipr@army.mil,Male,114.0.129.124
929,Winny,MacGuffie,wmacguffieps@yelp.com,Female,79.19.183.158
930,Anson,Ambler,aamblerpt@moonfruit.com,Male,6.15.171.37
931,Danell,Burgin,dburginpu@stanford.edu,Female,11.142.133.236
932,Ondrea,Jakes,ojakespv@nih.gov,Female,252.28.54.75
933,Fran,Rumford,frumfordpw@tumblr.com,Male,220.80.201.124
934,Phillip,Bibb,pbibbpx@networkadvertising.org,Male,252.149.215.175
935,Cristie,Petzold,cpetzoldpy@fastcompany.com,Female,12.61.93.94
936,Hamil,Levins,hlevinspz@time.com,Male,63.233.122.249
937,Coletta,Camacke,ccamackeq0@pinterest.com,Female,72.104.5.66
938,Whit,Bonn,wbonnq1@china.com.cn,Male,215.104.228.108
939,Lu,Rodear,lrodearq2@howstuffworks.com,Female,235.117.224.45
940,Bobette,Vasilov,bvasilovq3@pen.io,Female,139.138.120.131
941,Annalee,Jeram,ajeramq4@google.co.jp,Female,35.148.143.160
942,Berenice,Duck,bduckq5@usatoday.com,Female,128.253.42.231
943,Lisa,Lowle,llowleq6@blogspot.com,Female,9.32.243.241
944,Roscoe,Alyoshin,ralyoshinq7@tripadvisor.com,Male,236.4.106.177
945,Pippa,Nye,pnyeq8@friendfeed.com,Female,237.231.193.109
946,Margalit,Kingsworth,mkingsworthq9@amazon.co.uk,Female,55.32.72.122
947,Barry,Tynewell,btynewellqa@webnode.com,Male,150.198.151.118
948,Augusto,Grastye,agrastyeqb@scribd.com,Male,100.157.145.127
949,Tammie,Godfray,tgodfrayqc@1und1.de,Male,228.219.155.96
950,Mikaela,Holberry,mholberryqd@php.net,Bigender,53.121.77.141
951,Bernete,Babington,bbabingtonqe@nhs.uk,Female,20.225.101.62
952,Alika,Proger,aprogerqf@desdev.cn,Female,83.138.39.59
953,Mauricio,Baudy,mbaudyqg@xinhuanet.com,Male,168.167.105.95
954,Reilly,Dowding,rdowdingqh@1und1.de,Male,150.201.216.236
955,Gracia,Fricker,gfrickerqi@sciencedaily.com,Female,28.233.18.240
956,Koo,Martinson,kmartinsonqj@smugmug.com,Female,187.155.168.85
957,Sonia,Fuentes,sfuentesqk@sphinn.com,Genderqueer,7.247.204.150
958,Suki,Pietrzyk,spietrzykql@cbc.ca,Polygender,174.176.66.233
959,Raquela,Szymanowski,rszymanowskiqm@globo.com,Agender,164.123.188.110
960,Ricky,Shitliff,rshitliffqn@deliciousdays.com,Female,6.31.32.76
961,Sandie,Moulsdale,smoulsdaleqo@bbb.org,Female,204.245.200.19
962,Hewie,Siviour,hsiviourqp@usnews.com,Male,164.72.72.205
963,Addy,Larrat,alarratqq@cyberchimps.com,Male,15.150.130.146
964,Ralph,Filon,rfilonqr@apache.org,Polygender,99.47.65.152
965,Carol,Ritson,critsonqs@gov.uk,Female,6.0.97.198
966,Anestassia,Guitton,aguittonqt@360.cn,Female,44.56.53.255
967,Cazzie,Leather,cleatherqu@amazon.co.uk,Non-binary,248.128.73.160
968,Lionello,Franzel,lfranzelqv@jalbum.net,Male,101.232.93.127
969,Cirilo,Braitling,cbraitlingqw@lulu.com,Male,196.249.156.182
970,Randall,Armitage,rarmitageqx@meetup.com,Male,78.48.120.196
971,Bailey,Finnigan,bfinniganqy@guardian.co.uk,Male,81.23.127.73
972,Ken,Landman,klandmanqz@dailymail.co.uk,Male,83.248.3.182
973,Florri,Wildin,fwildinr0@hibu.com,Female,145.253.168.91
974,Micky,Mays,mmaysr1@liveinternet.ru,Male,22.106.152.244
975,Elwyn,Schreurs,eschreursr2@fda.gov,Male,218.200.180.89
976,Kylie,Tunny,ktunnyr3@barnesandnoble.com,Female,108.198.0.97
977,Chrisy,Ousbie,cousbier4@nytimes.com,Male,37.81.233.66
978,Hurley,Linkie,hlinkier5@wordpress.org,Male,47.58.146.84
979,Alvy,Skeates,askeatesr6@bizjournals.com,Genderfluid,48.94.150.35
980,Roddy,Arnall,rarnallr7@redcross.org,Male,176.209.177.175
981,Marven,Moxted,mmoxtedr8@nydailynews.com,Male,37.78.177.138
982,Roxanne,Breach,rbreachr9@behance.net,Female,51.40.89.80
983,Terencio,Gomby,tgombyra@linkedin.com,Male,15.120.231.64
984,Ibby,Cramer,icramerrb@google.com,Female,29.221.51.149
985,Archaimbaud,Weddup,awedduprc@ted.com,Male,151.44.183.71
986,Lisette,Nealon,lnealonrd@irs.gov,Female,167.145.40.101
987,Allard,Mucillo,amucillore@latimes.com,Male,89.25.63.251
988,Conroy,Bertelet,cberteletrf@fastcompany.com,Male,94.139.126.149
989,Tarrance,Do,tdorg@qq.com,Male,38.170.150.136
990,Shirline,Villar,svillarrh@mlb.com,Non-binary,154.75.199.183
991,Terry,Morsom,tmorsomri@altervista.org,Male,252.141.143.42
992,Pennie,Adelberg,padelbergrj@pbs.org,Male,148.208.133.105
993,Con,Brett,cbrettrk@nasa.gov,Bigender,218.20.88.187
994,Garret,Brear,gbrearrl@tinyurl.com,Male,231.245.203.71
995,Florenza,Wolfinger,fwolfingerrm@barnesandnoble.com,Female,210.170.113.43
996,Sophronia,Congreave,scongreavern@businessinsider.com,Female,124.155.192.172
997,Hynda,Gullivan,hgullivanro@geocities.jp,Female,0.250.176.235
998,Dolorita,Bocock,dbocockrp@hud.gov,Female,71.80.170.223
999,Cece,Gooday,cgoodayrq@unc.edu,Male,49.201.60.95
1000,Eulalie,Gotecliffe,egoteclifferr@washingtonpost.com,Female,104.249.163.115
